name,title,website
Amin Arbabian,Assistant Professor,http://profiles.stanford.edu/amin-arbabian
Nicholas Bambos,Professor,http://profiles.stanford.edu/nicholas-bambos
Kwabena Boahen,Professor,http://profiles.stanford.edu/kwabena-boahen
Dan Boneh,Professor,http://profiles.stanford.edu/dan-boneh
Stephen P. Boyd,Professor,http://profiles.stanford.edu/stephen-boyd
Bill Dally,Professor (Research),http://profiles.stanford.edu/william-dally
John Duchi,Assistant Professor,http://profiles.stanford.edu/john-duchi
Robert Dutton,Professor,http://profiles.stanford.edu/robert-dutton
Abbas El Gamal,Professor,http://profiles.stanford.edu/abbas-el-gamal
Dawson Engler,Associate Professor,http://profiles.stanford.edu/dawson-engler
Jonathan Fan,Assistant Professor,http://profiles.stanford.edu/jonathan-fan
Shanhui Fan,Professor,http://profiles.stanford.edu/shanhui-fan
Bernd Girod,Professor,http://profiles.stanford.edu/bernd-girod
Andrea Goldsmith,Professor,http://profiles.stanford.edu/andrea-goldsmith
Patrick M. Hanrahan,Professor,http://profiles.stanford.edu/patrick-hanrahan
James S. Harris,Professor,http://profiles.stanford.edu/james-harris
John L. Hennessy,Professor,https://hennessy.stanford.edu
Lambertus Hesselink,Professor,http://profiles.stanford.edu/lambertus-hesselink
Mark A. Horowitz,Professor,http://profiles.stanford.edu/mark-horowitz
Roger T. Howe,Professor,http://profiles.stanford.edu/roger-howe
Joseph M. Kahn,Professor,http://profiles.stanford.edu/joseph-kahn
Sachin Katti,Associate Professor,http://profiles.stanford.edu/sachin-katti
Butrus Khuri-Yakub,Professor (Research),http://profiles.stanford.edu/butrus-khuri-yakub
Christos Kozyrakis,Professor,http://profiles.stanford.edu/christoforos-kozyrakis
Sanjay Lall,Professor,http://profiles.stanford.edu/sanjay-lall
Thomas Lee,Professor,http://profiles.stanford.edu/thomas-lee
Philip Levis,Associate Professor,http://profiles.stanford.edu/philip-levis
Nick McKeown,Professor,http://profiles.stanford.edu/nick-mckeown
David A. B. Miller,Professor,http://profiles.stanford.edu/david-miller
Subhasish Mitra,Professor,http://profiles.stanford.edu/subhasish-mitra
Andrea Montanari,Professor,http://profiles.stanford.edu/andrea-montanari
Boris Murmann,Professor,http://profiles.stanford.edu/boris-murmann
Dwight G. Nishimura,Professor,http://profiles.stanford.edu/dwight-nishimura
Kunle A. Olukotun,Professor,http://profiles.stanford.edu/oyekunle-olukotun
Brad Osgood,Professor,http://profiles.stanford.edu/brad-osgood
Ayfer Ozgur,Assistant Professor,http://profiles.stanford.edu/ayfer-ozgur-aydin
John M. Pauly,Professor,http://profiles.stanford.edu/john-pauly
Piero A. Pianetta,Professor (Research),http://profiles.stanford.edu/piero-pianetta
Mert Pilanci,Assistant Professor,http://profiles.stanford.edu/mert-pilanci
James D. Plummer,Professor,http://profiles.stanford.edu/jim-plummer
Ada Poon,Associate Professor,http://profiles.stanford.edu/ada-poon
Eric Pop,Associate Professor,http://profiles.stanford.edu/epop
Balaji Prabhakar,Professor,http://profiles.stanford.edu/balaji-prabhakar
Juan Rivas,Assistant Professor,http://profiles.stanford.edu/juan-rivas-davila
Mendel Rosenblum,Professor,http://profiles.stanford.edu/mendel-rosenblum
Krishna Saraswat,Professor,http://profiles.stanford.edu/krishna-saraswat
Krishna Shenoy,Professor,http://profiles.stanford.edu/krishna-shenoy
H. Tom Soh,Professor,http://profiles.stanford.edu/hyongsok-soh
Olav Solgaard,Professor,http://profiles.stanford.edu/olav-solgaard
Fouad A. Tobagi,Professor,http://profiles.stanford.edu/fouad-tobagi
David Tse,Professor,http://profiles.stanford.edu/david-tse
Benjamin Van Roy,Professor,http://profiles.stanford.edu/benjamin-van-roy
Jelena Vuckovic,Professor,http://profiles.stanford.edu/jelena-vuckovic
Shan X. Wang,Professor,http://profiles.stanford.edu/shan-wang
Tsachy Weissman,Professor,http://profiles.stanford.edu/itschak-weissman
Gordon Wetzstein,Assistant Professor,http://profiles.stanford.edu/gordon-wetzstein
Jennifer Widom,Professor,http://profiles.stanford.edu/jennifer-widom
H.-S. Philip Wong,Professor,http://profiles.stanford.edu/philip-wong
S. Simon Wong,Professor,http://profiles.stanford.edu/s-simon-wong
Howard Zebker,Professor,http://profiles.stanford.edu/howard-zebker
